cluster,danceability,energy,loudness,speechiness,acousticness,instrumentalness,liveness,valence,tempo,duration_ms
0,0.5043632332364655,0.45513116649445706,-13.165707458831127,0.05829828909663344,0.5945120933118071,0.5609851567506328,0.16622259493658723,0.4783467872134323,115.84205995048971,12.22351150228043
1,0.5957089882836873,0.5503104093406974,-9.834959836387586,0.14265054341046324,0.4444395947960622,0.008486452775307211,0.19569738226689223,0.5845796449287084,117.72213503801447,12.131749785193225
