{"kmeans": {"silhouette_score": 0.9406566702623843, "davies_bouldin_score": 0.18867097813505737, "inertia": 225281315.0322696, "k": 2}}